method,baseline,block,status,reason,acquisitions,acquisition_seconds,fitting_seconds,inference_seconds,design_seconds,end_to_end_seconds,frequency_error_hz,t90_error_us,phase_error_deg,coverage_frequency,coverage_t90,coverage_phase,reference_uncertainty,estimate_uncertainty,calibration_bias,control_error,control_acquisitions,control_quality,cost_to_tolerance_mode,design_acquisitions,end_to_end_seconds_repeated_use_excluding_common_pilot,equal_budget_acquisitions,equal_budget_error,equal_budget_mode,equal_budget_prefix_acquisition_seconds,full_cycle_seconds,internal_device_repetitions,method_name,online_posterior,pilot_acquisitions_shared,reference_acquisitions_shared,reference_status,shared_connection_setup_seconds_charged,shared_pilot_numerical_seconds_charged,shared_pilot_seconds_charged,shared_reference_fitting_seconds_charged,shared_reference_seconds_charged,shared_return_acquisitions,shared_return_seconds_charged,stop_reason,tolerances
A,none,1,SUCCESS_VALIDATED,independent reference and heldout controls resolve frozen tolerances,10,162.74932600045577,0.5999211999587715,0.0,0.0,228.69728145965684,11.011165355241985,0.0088941767220021,2.56757212227099,True,True,True,"{""delta_hz"": 6.197203875444683, ""phase_deg"": 3.939734694898078, ""t90_us"": 0.7209318609546647}","{""delta_hz"": 6.52104374117151, ""phase_deg"": 4.133359738679324, ""t90_us"": 0.7475947924928719}","{""frequency_hz"": -11.011165355241985, ""relative_phase_deg"": 2.56757212227099, ""t90_us"": -0.0088941767220021}",0.2689154893440998,2,"{""controls"": [{""complex_feature_rmse"": 0.16654002969590412, ""ideal_target"": {""amplitude_pct"": 100.0, ""coherent_delay_verified"": false, ""delay_us"": 0.0, ""demodulation_shift_hz"": 0.0, ""drive_frequency_shift_hz"": 0.0, ""estimated_wall_seconds"": null, ""family"": ""return_control"", ""feature_windows_s"": [[0.0, 0.000488888888888889], [0.0014471111111111113, 0.0019360000000000002], [0.0028942222222222225, 0.003383111111111112], [0.004341333333333334, 0.004830222222222224], [0.005788444444444445, 0.006277333333333334], [0.007235555555555556, 0.007724444444444445]], ""phase_deg"": 5.279726148776997, ""readout_phase_deg"": 0.0, ""readout_width_us"": 0.0, ""sample_count"": 16000, ""sample_hz"": 10000, ""width_us"": 41.84726181084505}, ""key"": ""b0_A_control0"", ""passes"": true, ""relative_complex_error"": 0.27946297914171003, ""same_command_model_error"": 0.18034505012927268, ""threshold"": 1.5430591375939395}, {""complex_feature_rmse"": 0.1539689244317573, ""ideal_target"": {""amplitude_pct"": 100.0, ""coherent_delay_verified"": false, ""delay_us"": 0.0, ""demodulation_shift_hz"": 0.0, ""drive_frequency_shift_hz"": 0.0, ""estimated_wall_seconds"": null, ""family"": ""return_control"", ""feature_windows_s"": [[0.0, 0.000488888888888889], [0.0014471111111111113, 0.0019360000000000002], [0.0028942222222222225, 0.003383111111111112], [0.004341333333333334, 0.004830222222222224], [0.005788444444444445, 0.006277333333333334], [0.007235555555555556, 0.007724444444444445]], ""phase_deg"": 95.279726148777, ""readout_phase_deg"": 0.0, ""readout_width_us"": 0.0, ""sample_count"": 16000, ""sample_hz"": 10000, ""width_us"": 41.84726181084505}, ""key"": ""b0_A_control1"", ""passes"": true, ""relative_complex_error"": 0.25836799954648954, ""same_command_model_error"": 0.14619337008404099, ""threshold"": 1.5430591375939393}], ""frequency_control_limit"": ""per-pulse RF carrier mapping outside established H envelope unverified; frequency validated against independent FID reference"", ""frequency_rf_correction_applied"": false, ""relative_complex_error_mean"": 0.2689154893440998, ""scope"": ""heldout exported complex FID response to reference-defined 90-degree target; not quantum gate fidelity"", ""status"": ""VALIDATED""}",actual provisional online stop followed by independent physical validation,8,211.5702281396836,8,"{""frequency_error_hz"": 11.011165355241985, ""phase_error_deg"": 2.56757212227099, ""t90_error_us"": 0.0088941767220021}",offline refit of actually measured prefix; no physical time saving claimed,130.53779500024393,175.7010082998313,UNKNOWN,fixed_identifiable_scan_multistart,,15,8,VALIDATED,0.07163178666184346,0.29662306668857735,16.758798466622828,0.08246219996362925,28.231187179964035,2,6.955649259965867,PROVISIONAL_UNCERTAINTY_MET_AWAITING_INDEPENDENT_REFERENCE,"{""delta_hz"": 117.1875, ""phase_deg"": 8.758508388852093, ""t90_us"": 5.980990240167515}"
B,A,1,SUCCESS_VALIDATED,independent reference and heldout controls resolve frozen tolerances,18,291.66325279930606,1.5489959996193647,0.0,0.0,371.76183136117953,8.625712274087903,0.061149134077851386,1.6584661644008756,True,True,True,"{""delta_hz"": 6.197203875444683, ""phase_deg"": 3.939734694898078, ""t90_us"": 0.7209318609546647}","{""delta_hz"": 4.033127685727415, ""phase_deg"": 2.5668289874579333, ""t90_us"": 0.7412315545860838}","{""frequency_hz"": -8.625712274087903, ""relative_phase_deg"": 1.6584661644008756, ""t90_us"": 0.061149134077851386}",0.5286912639010926,2,"{""controls"": [{""complex_feature_rmse"": 0.4090696753403206, ""ideal_target"": {""amplitude_pct"": 100.0, ""coherent_delay_verified"": false, ""delay_us"": 0.0, ""demodulation_shift_hz"": 0.0, ""drive_frequency_shift_hz"": 0.0, ""estimated_wall_seconds"": null, ""family"": ""return_control"", ""feature_windows_s"": [[0.0, 0.000488888888888889], [0.0014471111111111113, 0.0019360000000000002], [0.0028942222222222225, 0.003383111111111112], [0.004341333333333334, 0.004830222222222224], [0.005788444444444445, 0.006277333333333334], [0.007235555555555556, 0.007724444444444445]], ""phase_deg"": 5.279726148776997, ""readout_phase_deg"": 0.0, ""readout_width_us"": 0.0, ""sample_count"": 16000, ""sample_hz"": 10000, ""width_us"": 41.84726181084505}, ""key"": ""b0_B_control0"", ""passes"": true, ""relative_complex_error"": 0.686440553396573, ""same_command_model_error"": 0.4144443843975768, ""threshold"": 1.5430591375939395}, {""complex_feature_rmse"": 0.22105499491452238, ""ideal_target"": {""amplitude_pct"": 100.0, ""coherent_delay_verified"": false, ""delay_us"": 0.0, ""demodulation_shift_hz"": 0.0, ""drive_frequency_shift_hz"": 0.0, ""estimated_wall_seconds"": null, ""family"": ""return_control"", ""feature_windows_s"": [[0.0, 0.000488888888888889], [0.0014471111111111113, 0.0019360000000000002], [0.0028942222222222225, 0.003383111111111112], [0.004341333333333334, 0.004830222222222224], [0.005788444444444445, 0.006277333333333334], [0.007235555555555556, 0.007724444444444445]], ""phase_deg"": 95.279726148777, ""readout_phase_deg"": 0.0, ""readout_width_us"": 0.0, ""sample_count"": 16000, ""sample_hz"": 10000, ""width_us"": 41.84726181084505}, ""key"": ""b0_B_control1"", ""passes"": true, ""relative_complex_error"": 0.3709419744056123, ""same_command_model_error"": 0.23071937033365722, ""threshold"": 1.5430591375939393}], ""frequency_control_limit"": ""per-pulse RF carrier mapping outside established H envelope unverified; frequency validated against independent FID reference"", ""frequency_rf_correction_applied"": false, ""relative_complex_error_mean"": 0.5286912639010926, ""scope"": ""heldout exported complex FID response to reference-defined 90-degree target; not quantum gate fidelity"", ""status"": ""VALIDATED""}",actual provisional online stop followed by independent physical validation,16,354.6347780412063,8,"{""frequency_error_hz"": 0.8858046093625944, ""phase_error_deg"": 1.7147510148077494, ""t90_error_us"": 0.09261929503718846}",offline refit of actually measured prefix; no physical time saving claimed,128.94760459987447,317.8164834016934,UNKNOWN,coarse_fine_scan_multistart,,15,8,VALIDATED,0.07163178666184346,0.29662306668857735,16.758798466622828,0.08246219996362925,28.231187179964035,2,6.955649259965867,PROVISIONAL_UNCERTAINTY_MET_AWAITING_INDEPENDENT_REFERENCE,"{""delta_hz"": 117.1875, ""phase_deg"": 8.758508388852093, ""t90_us"": 5.980990240167515}"
C,none,1,SUCCESS_VALIDATED,independent reference and heldout controls resolve frozen tolerances,10,161.96755490032956,0.6803767997771502,0.3278352008201182,0.0,228.6620052604315,12.96827457604087,0.0660032054915547,2.7436523111394107,True,True,True,"{""delta_hz"": 6.197203875444683, ""phase_deg"": 3.939734694898078, ""t90_us"": 0.7209318609546647}","{""delta_hz"": 6.517836791485913, ""phase_deg"": 4.133563360906462, ""t90_us"": 0.7464423441920279}","{""frequency_hz"": -12.96827457604087, ""relative_phase_deg"": 2.7436523111394107, ""t90_us"": -0.0660032054915547}",0.2277830164789902,2,"{""controls"": [{""complex_feature_rmse"": 0.14377599487587972, ""ideal_target"": {""amplitude_pct"": 100.0, ""coherent_delay_verified"": false, ""delay_us"": 0.0, ""demodulation_shift_hz"": 0.0, ""drive_frequency_shift_hz"": 0.0, ""estimated_wall_seconds"": null, ""family"": ""return_control"", ""feature_windows_s"": [[0.0, 0.000488888888888889], [0.0014471111111111113, 0.0019360000000000002], [0.0028942222222222225, 0.003383111111111112], [0.004341333333333334, 0.004830222222222224], [0.005788444444444445, 0.006277333333333334], [0.007235555555555556, 0.007724444444444445]], ""phase_deg"": 5.279726148776997, ""readout_phase_deg"": 0.0, ""readout_width_us"": 0.0, ""sample_count"": 16000, ""sample_hz"": 10000, ""width_us"": 41.84726181084505}, ""key"": ""b0_C_control0"", ""passes"": true, ""relative_complex_error"": 0.24126372458587816, ""same_command_model_error"": 0.139355717245623, ""threshold"": 1.5430591375939395}, {""complex_feature_rmse"": 0.12770891124757203, ""ideal_target"": {""amplitude_pct"": 100.0, ""coherent_delay_verified"": false, ""delay_us"": 0.0, ""demodulation_shift_hz"": 0.0, ""drive_frequency_shift_hz"": 0.0, ""estimated_wall_seconds"": null, ""family"": ""return_control"", ""feature_windows_s"": [[0.0, 0.000488888888888889], [0.0014471111111111113, 0.0019360000000000002], [0.0028942222222222225, 0.003383111111111112], [0.004341333333333334, 0.004830222222222224], [0.005788444444444445, 0.006277333333333334], [0.007235555555555556, 0.007724444444444445]], ""phase_deg"": 95.279726148777, ""readout_phase_deg"": 0.0, ""readout_width_us"": 0.0, ""sample_count"": 16000, ""sample_hz"": 10000, ""width_us"": 41.84726181084505}, ""key"": ""b0_C_control1"", ""passes"": true, ""relative_complex_error"": 0.21430230837210226, ""same_command_model_error"": 0.11972993605090872, ""threshold"": 1.5430591375939393}], ""frequency_control_limit"": ""per-pulse RF carrier mapping outside established H envelope unverified; frequency validated against independent FID reference"", ""frequency_rf_correction_applied"": false, ""relative_complex_error_mean"": 0.2277830164789902, ""scope"": ""heldout exported complex FID response to reference-defined 90-degree target; not quantum gate fidelity"", ""status"": ""VALIDATED""}",actual provisional online stop followed by independent physical validation,8,211.53495194045826,8,"{""frequency_error_hz"": 12.96827457604087, ""phase_error_deg"": 2.7436523111394107, ""t90_error_us"": 0.0660032054915547}",offline refit of actually measured prefix; no physical time saving claimed,129.6338659003377,175.25744129996747,UNKNOWN,fixed_plan_particle_filter,"{""ci95_delta_hz"": [-9.828927133254606, 21.854783255835663], ""ci95_phase_rad"": [-0.19465665559983059, 0.09818062908070102], ""ci95_t90_us"": [40.27167018527002, 43.31503168297614], ""ess"": 395.34294761561245, ""mean_delta_hz"": 6.1312155651968485, ""mean_phase_rad"": -0.039167803330727224, ""mean_t90_us"": 41.84218736475476, ""n_particles"": 512, ""phase_identified"": true, ""phase_resultant"": 0.9973289036632476, ""resampling_count"": 14, ""updates"": 8, ""var_delta_hz2"": 60.90788552478909, ""var_phase_rad2"": 0.00534938294040855, ""var_t90_us2"": 0.5886201472826235}",15,8,VALIDATED,0.07163178666184346,0.29662306668857735,16.758798466622828,0.08246219996362925,28.231187179964035,2,6.955649259965867,PROVISIONAL_UNCERTAINTY_MET_AWAITING_INDEPENDENT_REFERENCE,"{""delta_hz"": 117.1875, ""phase_deg"": 8.758508388852093, ""t90_us"": 5.980990240167515}"
D,C and B,1,SUCCESS_VALIDATED,independent reference and heldout controls resolve frozen tolerances,10,162.37155769951642,0.33852710016071796,0.31155010079964995,0.9218618990853429,227.60694045930478,8.521175086283051,0.2787298377671803,0.09624923738736152,True,True,True,"{""delta_hz"": 6.197203875444683, ""phase_deg"": 3.939734694898078, ""t90_us"": 0.7209318609546647}","{""delta_hz"": 5.2575798033441075, ""phase_deg"": 3.2870911582880136, ""t90_us"": 0.8408096629017763}","{""frequency_hz"": 8.521175086283051, ""relative_phase_deg"": -0.09624923738736152, ""t90_us"": -0.2787298377671803}",0.21365911898116755,2,"{""controls"": [{""complex_feature_rmse"": 0.1242457964447847, ""ideal_target"": {""amplitude_pct"": 100.0, ""coherent_delay_verified"": false, ""delay_us"": 0.0, ""demodulation_shift_hz"": 0.0, ""drive_frequency_shift_hz"": 0.0, ""estimated_wall_seconds"": null, ""family"": ""return_control"", ""feature_windows_s"": [[0.0, 0.000488888888888889], [0.0014471111111111113, 0.0019360000000000002], [0.0028942222222222225, 0.003383111111111112], [0.004341333333333334, 0.004830222222222224], [0.005788444444444445, 0.006277333333333334], [0.007235555555555556, 0.007724444444444445]], ""phase_deg"": 5.279726148776997, ""readout_phase_deg"": 0.0, ""readout_width_us"": 0.0, ""sample_count"": 16000, ""sample_hz"": 10000, ""width_us"": 41.84726181084505}, ""key"": ""b0_D_control0"", ""passes"": true, ""relative_complex_error"": 0.2084910185478847, ""same_command_model_error"": 0.12452788750869852, ""threshold"": 1.5430591375939395}, {""complex_feature_rmse"": 0.1304054359238579, ""ideal_target"": {""amplitude_pct"": 100.0, ""coherent_delay_verified"": false, ""delay_us"": 0.0, ""demodulation_shift_hz"": 0.0, ""drive_frequency_shift_hz"": 0.0, ""estimated_wall_seconds"": null, ""family"": ""return_control"", ""feature_windows_s"": [[0.0, 0.000488888888888889], [0.0014471111111111113, 0.0019360000000000002], [0.0028942222222222225, 0.003383111111111112], [0.004341333333333334, 0.004830222222222224], [0.005788444444444445, 0.006277333333333334], [0.007235555555555556, 0.007724444444444445]], ""phase_deg"": 95.279726148777, ""readout_phase_deg"": 0.0, ""readout_width_us"": 0.0, ""sample_count"": 16000, ""sample_hz"": 10000, ""width_us"": 41.84726181084505}, ""key"": ""b0_D_control1"", ""passes"": true, ""relative_complex_error"": 0.21882721941445038, ""same_command_model_error"": 0.1306635972496557, ""threshold"": 1.5430591375939393}], ""frequency_control_limit"": ""per-pulse RF carrier mapping outside established H envelope unverified; frequency validated against independent FID reference"", ""frequency_rf_correction_applied"": false, ""relative_complex_error_mean"": 0.21365911898116755, ""scope"": ""heldout exported complex FID response to reference-defined 90-degree target; not quantum gate fidelity"", ""status"": ""VALIDATED""}",actual provisional online stop followed by independent physical validation,8,210.47988713933154,8,"{""frequency_error_hz"": 8.521175086283051, ""phase_error_deg"": 0.09624923738736152, ""t90_error_us"": 0.2787298377671803}",offline refit of actually measured prefix; no physical time saving claimed,128.3090160996653,173.6386493993923,UNKNOWN,adaptive_min_normalized_variance,"{""ci95_delta_hz"": [15.793186891863149, 39.53053889969224], ""ci95_phase_rad"": [-0.21100156311170792, 0.04251410391598398], ""ci95_t90_us"": [39.905137682240806, 43.429698042042126], ""ess"": 473.4457825444325, ""mean_delta_hz"": 27.518617560331226, ""mean_phase_rad"": -0.08932816455902662, ""mean_t90_us"": 41.60002770831778, ""n_particles"": 512, ""phase_identified"": true, ""phase_resultant"": 0.9979796992049503, ""resampling_count"": 15, ""updates"": 8, ""var_delta_hz2"": 36.74221770780593, ""var_phase_rad2"": 0.0040447384535825725, ""var_t90_us2"": 0.7818823850665002}",15,8,VALIDATED,0.07163178666184346,0.29662306668857735,16.758798466622828,0.08246219996362925,28.231187179964035,2,6.955649259965867,PROVISIONAL_UNCERTAINTY_MET_AWAITING_INDEPENDENT_REFERENCE,"{""delta_hz"": 117.1875, ""phase_deg"": 8.758508388852093, ""t90_us"": 5.980990240167515}"
E,C and B,1,SUCCESS_VALIDATED,independent reference and heldout controls resolve frozen tolerances,10,154.8904151986353,0.3444937998428941,0.30552149983122945,0.9365452001802623,221.19350405999768,3.0939806810514483,0.0480942078926887,0.05240809111279209,True,True,True,"{""delta_hz"": 6.197203875444683, ""phase_deg"": 3.939734694898078, ""t90_us"": 0.7209318609546647}","{""delta_hz"": 5.230353077019978, ""phase_deg"": 3.27402724033016, ""t90_us"": 0.8213808738166763}","{""frequency_hz"": -3.0939806810514483, ""relative_phase_deg"": 0.05240809111279209, ""t90_us"": -0.0480942078926887}",0.33376477746958877,2,"{""controls"": [{""complex_feature_rmse"": 0.27221267824641, ""ideal_target"": {""amplitude_pct"": 100.0, ""coherent_delay_verified"": false, ""delay_us"": 0.0, ""demodulation_shift_hz"": 0.0, ""drive_frequency_shift_hz"": 0.0, ""estimated_wall_seconds"": null, ""family"": ""return_control"", ""feature_windows_s"": [[0.0, 0.000488888888888889], [0.0014471111111111113, 0.0019360000000000002], [0.0028942222222222225, 0.003383111111111112], [0.004341333333333334, 0.004830222222222224], [0.005788444444444445, 0.006277333333333334], [0.007235555555555556, 0.007724444444444445]], ""phase_deg"": 5.279726148776997, ""readout_phase_deg"": 0.0, ""readout_width_us"": 0.0, ""sample_count"": 16000, ""sample_hz"": 10000, ""width_us"": 41.84726181084505}, ""key"": ""b0_E_control0"", ""passes"": true, ""relative_complex_error"": 0.4567872730765848, ""same_command_model_error"": 0.2724829031554673, ""threshold"": 1.5430591375939395}, {""complex_feature_rmse"": 0.12558738902508373, ""ideal_target"": {""amplitude_pct"": 100.0, ""coherent_delay_verified"": false, ""delay_us"": 0.0, ""demodulation_shift_hz"": 0.0, ""drive_frequency_shift_hz"": 0.0, ""estimated_wall_seconds"": null, ""family"": ""return_control"", ""feature_windows_s"": [[0.0, 0.000488888888888889], [0.0014471111111111113, 0.0019360000000000002], [0.0028942222222222225, 0.003383111111111112], [0.004341333333333334, 0.004830222222222224], [0.005788444444444445, 0.006277333333333334], [0.007235555555555556, 0.007724444444444445]], ""phase_deg"": 95.279726148777, ""readout_phase_deg"": 0.0, ""readout_width_us"": 0.0, ""sample_count"": 16000, ""sample_hz"": 10000, ""width_us"": 41.84726181084505}, ""key"": ""b0_E_control1"", ""passes"": true, ""relative_complex_error"": 0.21074228186259275, ""same_command_model_error"": 0.12548834564976666, ""threshold"": 1.5430591375939393}], ""frequency_control_limit"": ""per-pulse RF carrier mapping outside established H envelope unverified; frequency validated against independent FID reference"", ""frequency_rf_correction_applied"": false, ""relative_complex_error_mean"": 0.33376477746958877, ""scope"": ""heldout exported complex FID response to reference-defined 90-degree target; not quantum gate fidelity"", ""status"": ""VALIDATED""}",actual provisional online stop followed by independent physical validation,8,204.06645074002444,8,"{""frequency_error_hz"": 3.0939806810514483, ""phase_error_deg"": 0.05240809111279209, ""t90_error_us"": 0.0480942078926887}",offline refit of actually measured prefix; no physical time saving claimed,121.09792719874531,167.21059160027653,UNKNOWN,adaptive_variance_reduction_per_whole_task_second,"{""ci95_delta_hz"": [3.136226347573088, 27.28951963563026], ""ci95_phase_rad"": [-0.20372941254153432, 0.021750210296767047], ""ci95_t90_us"": [40.28888568088537, 43.701149459543686], ""ess"": 489.579316767856, ""mean_delta_hz"": 15.785572459330204, ""mean_phase_rad"": -0.0913610881044592, ""mean_t90_us"": 41.93494442362195, ""n_particles"": 512, ""phase_identified"": true, ""phase_resultant"": 0.9983538269496558, ""resampling_count"": 17, ""updates"": 8, ""var_delta_hz2"": 35.123459573553006, ""var_phase_rad2"": 0.0032952152876379814, ""var_t90_us2"": 0.7332915888008041}",15,8,VALIDATED,0.07163178666184346,0.29662306668857735,16.758798466622828,0.08246219996362925,28.231187179964035,2,6.955649259965867,PROVISIONAL_UNCERTAINTY_MET_AWAITING_INDEPENDENT_REFERENCE,"{""delta_hz"": 117.1875, ""phase_deg"": 8.758508388852093, ""t90_us"": 5.980990240167515}"
A,none,2,SUCCESS_VALIDATED,independent reference and heldout controls resolve frozen tolerances,10,162.1187279005535,0.902286000084132,0.0,0.0,227.01216100056968,2.788192663523489,0.06323879049207903,1.4817505349407825,True,True,True,"{""delta_hz"": 6.188814516418035, ""phase_deg"": 3.9367968169479433, ""t90_us"": 0.7248733515155087}","{""delta_hz"": 6.532685721483606, ""phase_deg"": 4.1340300472252975, ""t90_us"": 0.7470826346313032}","{""frequency_hz"": -2.788192663523489, ""relative_phase_deg"": 1.4817505349407825, ""t90_us"": -0.06323879049207903}",0.2934780462668468,2,"{""controls"": [{""complex_feature_rmse"": 0.18874604478330115, ""ideal_target"": {""amplitude_pct"": 100.0, ""coherent_delay_verified"": false, ""delay_us"": 0.0, ""demodulation_shift_hz"": 0.0, ""drive_frequency_shift_hz"": 0.0, ""estimated_wall_seconds"": null, ""family"": ""return_control"", ""feature_windows_s"": [[0.0, 0.000488888888888889], [0.0014471111111111113, 0.0019360000000000002], [0.0028942222222222225, 0.003383111111111112], [0.004341333333333334, 0.004830222222222224], [0.005788444444444445, 0.006277333333333334], [0.007235555555555556, 0.007724444444444445]], ""phase_deg"": 4.976232653271766, ""readout_phase_deg"": 0.0, ""readout_width_us"": 0.0, ""sample_count"": 16000, ""sample_hz"": 10000, ""width_us"": 41.95442621644494}, ""key"": ""b1_A_control0"", ""passes"": true, ""relative_complex_error"": 0.3167786410980831, ""same_command_model_error"": 0.1970221771475703, ""threshold"": 1.543316345237445}, {""complex_feature_rmse"": 0.1609796833881692, ""ideal_target"": {""amplitude_pct"": 100.0, ""coherent_delay_verified"": false, ""delay_us"": 0.0, ""demodulation_shift_hz"": 0.0, ""drive_frequency_shift_hz"": 0.0, ""estimated_wall_seconds"": null, ""family"": ""return_control"", ""feature_windows_s"": [[0.0, 0.000488888888888889], [0.0014471111111111113, 0.0019360000000000002], [0.0028942222222222225, 0.003383111111111112], [0.004341333333333334, 0.004830222222222224], [0.005788444444444445, 0.006277333333333334], [0.007235555555555556, 0.007724444444444445]], ""phase_deg"": 94.97623265327177, ""readout_phase_deg"": 0.0, ""readout_width_us"": 0.0, ""sample_count"": 16000, ""sample_hz"": 10000, ""width_us"": 41.95442621644494}, ""key"": ""b1_A_control1"", ""passes"": true, ""relative_complex_error"": 0.2701774514356105, ""same_command_model_error"": 0.15475486896181326, ""threshold"": 1.543316345237445}], ""frequency_control_limit"": ""per-pulse RF carrier mapping outside established H envelope unverified; frequency validated against independent FID reference"", ""frequency_rf_correction_applied"": false, ""relative_complex_error_mean"": 0.2934780462668468, ""scope"": ""heldout exported complex FID response to reference-defined 90-degree target; not quantum gate fidelity"", ""status"": ""VALIDATED""}",actual provisional online stop followed by independent physical validation,8,209.88510768059643,8,"{""frequency_error_hz"": 2.788192663523489, ""phase_error_deg"": 1.4817505349407825, ""t90_error_us"": 0.06323879049207903}",offline refit of actually measured prefix; no physical time saving claimed,128.89726310037076,174.3254600004293,UNKNOWN,fixed_identifiable_scan_multistart,,15,8,VALIDATED,0.07163178666184346,0.29662306668857735,16.758798466622828,0.07480737995356321,27.942012000083924,2,6.640542300045491,PROVISIONAL_UNCERTAINTY_MET_AWAITING_INDEPENDENT_REFERENCE,"{""delta_hz"": 117.1875, ""phase_deg"": 8.758508388852093, ""t90_us"": 5.980990240167515}"
B,A,2,SUCCESS_VALIDATED,independent reference and heldout controls resolve frozen tolerances,18,291.81847390020266,1.5500138998031616,0.0,0.0,367.27040529989944,12.60077280484063,0.1167792338776934,1.8812898557961155,True,True,True,"{""delta_hz"": 6.188814516418035, ""phase_deg"": 3.9367968169479433, ""t90_us"": 0.7248733515155087}","{""delta_hz"": 4.026834674749498, ""phase_deg"": 2.5665978793386826, ""t90_us"": 0.7414343813473003}","{""frequency_hz"": -12.60077280484063, ""relative_phase_deg"": 1.8812898557961155, ""t90_us"": -0.1167792338776934}",0.3269989679157657,2,"{""controls"": [{""complex_feature_rmse"": 0.22484526573604957, ""ideal_target"": {""amplitude_pct"": 100.0, ""coherent_delay_verified"": false, ""delay_us"": 0.0, ""demodulation_shift_hz"": 0.0, ""drive_frequency_shift_hz"": 0.0, ""estimated_wall_seconds"": null, ""family"": ""return_control"", ""feature_windows_s"": [[0.0, 0.000488888888888889], [0.0014471111111111113, 0.0019360000000000002], [0.0028942222222222225, 0.003383111111111112], [0.004341333333333334, 0.004830222222222224], [0.005788444444444445, 0.006277333333333334], [0.007235555555555556, 0.007724444444444445]], ""phase_deg"": 4.976232653271766, ""readout_phase_deg"": 0.0, ""readout_width_us"": 0.0, ""sample_count"": 16000, ""sample_hz"": 10000, ""width_us"": 41.95442621644494}, ""key"": ""b1_B_control0"", ""passes"": true, ""relative_complex_error"": 0.37736514065223337, ""same_command_model_error"": 0.23433564219408268, ""threshold"": 1.543316345237445}, {""complex_feature_rmse"": 0.16482596732673943, ""ideal_target"": {""amplitude_pct"": 100.0, ""coherent_delay_verified"": false, ""delay_us"": 0.0, ""demodulation_shift_hz"": 0.0, ""drive_frequency_shift_hz"": 0.0, ""estimated_wall_seconds"": null, ""family"": ""return_control"", ""feature_windows_s"": [[0.0, 0.000488888888888889], [0.0014471111111111113, 0.0019360000000000002], [0.0028942222222222225, 0.003383111111111112], [0.004341333333333334, 0.004830222222222224], [0.005788444444444445, 0.006277333333333334], [0.007235555555555556, 0.007724444444444445]], ""phase_deg"": 94.97623265327177, ""readout_phase_deg"": 0.0, ""readout_width_us"": 0.0, ""sample_count"": 16000, ""sample_hz"": 10000, ""width_us"": 41.95442621644494}, ""key"": ""b1_B_control1"", ""passes"": true, ""relative_complex_error"": 0.27663279517929806, ""same_command_model_error"": 0.15555369790272378, ""threshold"": 1.543316345237445}], ""frequency_control_limit"": ""per-pulse RF carrier mapping outside established H envelope unverified; frequency validated against independent FID reference"", ""frequency_rf_correction_applied"": false, ""relative_complex_error_mean"": 0.3269989679157657, ""scope"": ""heldout exported complex FID response to reference-defined 90-degree target; not quantum gate fidelity"", ""status"": ""VALIDATED""}",actual provisional online stop followed by independent physical validation,16,350.1433519799262,8,"{""frequency_error_hz"": 4.762685412622659, ""phase_error_deg"": 1.4010432249535758, ""t90_error_us"": 0.0882087924049415}",offline refit of actually measured prefix; no physical time saving claimed,129.37283140048385,313.9359764000401,UNKNOWN,coarse_fine_scan_multistart,,15,8,VALIDATED,0.07163178666184346,0.29662306668857735,16.758798466622828,0.07480737995356321,27.942012000083924,2,6.640542300045491,PROVISIONAL_UNCERTAINTY_MET_AWAITING_INDEPENDENT_REFERENCE,"{""delta_hz"": 117.1875, ""phase_deg"": 8.758508388852093, ""t90_us"": 5.980990240167515}"
C,none,2,SUCCESS_VALIDATED,independent reference and heldout controls resolve frozen tolerances,10,162.2653143000789,0.33310869988054037,0.23350370023399591,0.0,227.0037080998843,2.9840016193249994,0.0809922981347313,1.643967144379332,True,True,True,"{""delta_hz"": 6.188814516418035, ""phase_deg"": 3.9367968169479433, ""t90_us"": 0.7248733515155087}","{""delta_hz"": 6.530882309118783, ""phase_deg"": 4.133095037084119, ""t90_us"": 0.75224490896284}","{""frequency_hz"": -2.9840016193249994, ""relative_phase_deg"": 1.643967144379332, ""t90_us"": 0.0809922981347313}",0.3300248368554529,2,"{""controls"": [{""complex_feature_rmse"": 0.21367145988534678, ""ideal_target"": {""amplitude_pct"": 100.0, ""coherent_delay_verified"": false, ""delay_us"": 0.0, ""demodulation_shift_hz"": 0.0, ""drive_frequency_shift_hz"": 0.0, ""estimated_wall_seconds"": null, ""family"": ""return_control"", ""feature_windows_s"": [[0.0, 0.000488888888888889], [0.0014471111111111113, 0.0019360000000000002], [0.0028942222222222225, 0.003383111111111112], [0.004341333333333334, 0.004830222222222224], [0.005788444444444445, 0.006277333333333334], [0.007235555555555556, 0.007724444444444445]], ""phase_deg"": 4.976232653271766, ""readout_phase_deg"": 0.0, ""readout_width_us"": 0.0, ""sample_count"": 16000, ""sample_hz"": 10000, ""width_us"": 41.95442621644494}, ""key"": ""b1_C_control0"", ""passes"": true, ""relative_complex_error"": 0.3586117779667092, ""same_command_model_error"": 0.20683268267286856, ""threshold"": 1.543316345237445}, {""complex_feature_rmse"": 0.17960557685422338, ""ideal_target"": {""amplitude_pct"": 100.0, ""coherent_delay_verified"": false, ""delay_us"": 0.0, ""demodulation_shift_hz"": 0.0, ""drive_frequency_shift_hz"": 0.0, ""estimated_wall_seconds"": null, ""family"": ""return_control"", ""feature_windows_s"": [[0.0, 0.000488888888888889], [0.0014471111111111113, 0.0019360000000000002], [0.0028942222222222225, 0.003383111111111112], [0.004341333333333334, 0.004830222222222224], [0.005788444444444445, 0.006277333333333334], [0.007235555555555556, 0.007724444444444445]], ""phase_deg"": 94.97623265327177, ""readout_phase_deg"": 0.0, ""readout_width_us"": 0.0, ""sample_count"": 16000, ""sample_hz"": 10000, ""width_us"": 41.95442621644494}, ""key"": ""b1_C_control1"", ""passes"": true, ""relative_complex_error"": 0.3014378957441967, ""same_command_model_error"": 0.1713995075018238, ""threshold"": 1.543316345237445}], ""frequency_control_limit"": ""per-pulse RF carrier mapping outside established H envelope unverified; frequency validated against independent FID reference"", ""frequency_rf_correction_applied"": false, ""relative_complex_error_mean"": 0.3300248368554529, ""scope"": ""heldout exported complex FID response to reference-defined 90-degree target; not quantum gate fidelity"", ""status"": ""VALIDATED""}",actual provisional online stop followed by independent physical validation,8,209.87665477991106,8,"{""frequency_error_hz"": 2.9840016193249994, ""phase_error_deg"": 1.643967144379332, ""t90_error_us"": 0.0809922981347313}",offline refit of actually measured prefix; no physical time saving claimed,129.42229070002213,174.65268069971353,UNKNOWN,fixed_plan_particle_filter,"{""ci95_delta_hz"": [0.05302772975229057, 27.8752040317565], ""ci95_phase_rad"": [-0.20789719139789842, 0.07487332050478601], ""ci95_t90_us"": [40.490117618961015, 43.624955917258674], ""ess"": 450.4145563888444, ""mean_delta_hz"": 14.072683952406058, ""mean_phase_rad"": -0.06131548662000917, ""mean_t90_us"": 42.109749307284865, ""n_particles"": 512, ""phase_identified"": true, ""phase_resultant"": 0.9973023645929078, ""resampling_count"": 13, ""updates"": 8, ""var_delta_hz2"": 48.252733587734575, ""var_phase_rad2"": 0.00540209869603674, ""var_t90_us2"": 0.5645395214160003}",15,8,VALIDATED,0.07163178666184346,0.29662306668857735,16.758798466622828,0.07480737995356321,27.942012000083924,2,6.640542300045491,PROVISIONAL_UNCERTAINTY_MET_AWAITING_INDEPENDENT_REFERENCE,"{""delta_hz"": 117.1875, ""phase_deg"": 8.758508388852093, ""t90_us"": 5.980990240167515}"
D,C and B,2,SUCCESS_VALIDATED,independent reference and heldout controls resolve frozen tolerances,10,162.5095349000767,0.3530406001955271,0.29032460041344166,0.9354373007081449,224.75735460122428,2.8880635336946625,0.24099847644409778,0.8265778347253817,True,True,True,"{""delta_hz"": 6.188814516418035, ""phase_deg"": 3.9367968169479433, ""t90_us"": 0.7248733515155087}","{""delta_hz"": 5.222496157379377, ""phase_deg"": 3.317524015385276, ""t90_us"": 0.8523736566085625}","{""frequency_hz"": 2.8880635336946625, ""relative_phase_deg"": -0.8265778347253817, ""t90_us"": -0.24099847644409778}",0.3418230607485143,2,"{""controls"": [{""complex_feature_rmse"": 0.18641589130925962, ""ideal_target"": {""amplitude_pct"": 100.0, ""coherent_delay_verified"": false, ""delay_us"": 0.0, ""demodulation_shift_hz"": 0.0, ""drive_frequency_shift_hz"": 0.0, ""estimated_wall_seconds"": null, ""family"": ""return_control"", ""feature_windows_s"": [[0.0, 0.000488888888888889], [0.0014471111111111113, 0.0019360000000000002], [0.0028942222222222225, 0.003383111111111112], [0.004341333333333334, 0.004830222222222224], [0.005788444444444445, 0.006277333333333334], [0.007235555555555556, 0.007724444444444445]], ""phase_deg"": 4.976232653271766, ""readout_phase_deg"": 0.0, ""readout_width_us"": 0.0, ""sample_count"": 16000, ""sample_hz"": 10000, ""width_us"": 41.95442621644494}, ""key"": ""b1_D_control0"", ""passes"": true, ""relative_complex_error"": 0.3128678685470381, ""same_command_model_error"": 0.18981806996820072, ""threshold"": 1.543316345237445}, {""complex_feature_rmse"": 0.22092060403246855, ""ideal_target"": {""amplitude_pct"": 100.0, ""coherent_delay_verified"": false, ""delay_us"": 0.0, ""demodulation_shift_hz"": 0.0, ""drive_frequency_shift_hz"": 0.0, ""estimated_wall_seconds"": null, ""family"": ""return_control"", ""feature_windows_s"": [[0.0, 0.000488888888888889], [0.0014471111111111113, 0.0019360000000000002], [0.0028942222222222225, 0.003383111111111112], [0.004341333333333334, 0.004830222222222224], [0.005788444444444445, 0.006277333333333334], [0.007235555555555556, 0.007724444444444445]], ""phase_deg"": 94.97623265327177, ""readout_phase_deg"": 0.0, ""readout_width_us"": 0.0, ""sample_count"": 16000, ""sample_hz"": 10000, ""width_us"": 41.95442621644494}, ""key"": ""b1_D_control1"", ""passes"": true, ""relative_complex_error"": 0.3707782529499906, ""same_command_model_error"": 0.22486041947646818, ""threshold"": 1.543316345237445}], ""frequency_control_limit"": ""per-pulse RF carrier mapping outside established H envelope unverified; frequency validated against independent FID reference"", ""frequency_rf_correction_applied"": false, ""relative_complex_error_mean"": 0.3418230607485143, ""scope"": ""heldout exported complex FID response to reference-defined 90-degree target; not quantum gate fidelity"", ""status"": ""VALIDATED""}",actual provisional online stop followed by independent physical validation,8,207.63030128125104,8,"{""frequency_error_hz"": 2.8880635336946625, ""phase_error_deg"": 0.8265778347253817, ""t90_error_us"": 0.24099847644409778}",offline refit of actually measured prefix; no physical time saving claimed,129.04099720017985,171.39413709985092,UNKNOWN,adaptive_min_normalized_variance,"{""ci95_delta_hz"": [8.217791108078284, 28.374144707838337], ""ci95_phase_rad"": [-0.212781524617617, 0.016856381004219045], ""ci95_t90_us"": [40.196501300419705, 43.48136055659132], ""ess"": 387.13329917130085, ""mean_delta_hz"": 18.726111233975484, ""mean_phase_rad"": -0.09122466098007113, ""mean_t90_us"": 41.756069874934695, ""n_particles"": 512, ""phase_identified"": true, ""phase_resultant"": 0.9983495710961975, ""resampling_count"": 17, ""updates"": 8, ""var_delta_hz2"": 27.82842807340379, ""var_phase_rad2"": 0.00330349731678487, ""var_t90_us2"": 0.7956651005375927}",15,8,VALIDATED,0.07163178666184346,0.29662306668857735,16.758798466622828,0.07480737995356321,27.942012000083924,2,6.640542300045491,PROVISIONAL_UNCERTAINTY_MET_AWAITING_INDEPENDENT_REFERENCE,"{""delta_hz"": 117.1875, ""phase_deg"": 8.758508388852093, ""t90_us"": 5.980990240167515}"
E,C and B,2,SUCCESS_VALIDATED,independent reference and heldout controls resolve frozen tolerances,10,154.06575830001384,0.6373073998838663,0.3516795001924038,1.2275748001411557,216.27594530063993,9.154536188899897,0.12507623727567108,0.010366344773752124,True,True,True,"{""delta_hz"": 6.188814516418035, ""phase_deg"": 3.9367968169479433, ""t90_us"": 0.7248733515155087}","{""delta_hz"": 5.226344579843631, ""phase_deg"": 3.2359032217451627, ""t90_us"": 0.8630163040084242}","{""frequency_hz"": -9.154536188899897, ""relative_phase_deg"": -0.010366344773752124, ""t90_us"": -0.12507623727567108}",0.32581284819428763,2,"{""controls"": [{""complex_feature_rmse"": 0.24437449779331638, ""ideal_target"": {""amplitude_pct"": 100.0, ""coherent_delay_verified"": false, ""delay_us"": 0.0, ""demodulation_shift_hz"": 0.0, ""drive_frequency_shift_hz"": 0.0, ""estimated_wall_seconds"": null, ""family"": ""return_control"", ""feature_windows_s"": [[0.0, 0.000488888888888889], [0.0014471111111111113, 0.0019360000000000002], [0.0028942222222222225, 0.003383111111111112], [0.004341333333333334, 0.004830222222222224], [0.005788444444444445, 0.006277333333333334], [0.007235555555555556, 0.007724444444444445]], ""phase_deg"": 4.976232653271766, ""readout_phase_deg"": 0.0, ""readout_width_us"": 0.0, ""sample_count"": 16000, ""sample_hz"": 10000, ""width_us"": 41.95442621644494}, ""key"": ""b1_E_control0"", ""passes"": true, ""relative_complex_error"": 0.4101416875721582, ""same_command_model_error"": 0.24445602856785778, ""threshold"": 1.543316345237445}, {""complex_feature_rmse"": 0.14388328513727675, ""ideal_target"": {""amplitude_pct"": 100.0, ""coherent_delay_verified"": false, ""delay_us"": 0.0, ""demodulation_shift_hz"": 0.0, ""drive_frequency_shift_hz"": 0.0, ""estimated_wall_seconds"": null, ""family"": ""return_control"", ""feature_windows_s"": [[0.0, 0.000488888888888889], [0.0014471111111111113, 0.0019360000000000002], [0.0028942222222222225, 0.003383111111111112], [0.004341333333333334, 0.004830222222222224], [0.005788444444444445, 0.006277333333333334], [0.007235555555555556, 0.007724444444444445]], ""phase_deg"": 94.97623265327177, ""readout_phase_deg"": 0.0, ""readout_width_us"": 0.0, ""sample_count"": 16000, ""sample_hz"": 10000, ""width_us"": 41.95442621644494}, ""key"": ""b1_E_control1"", ""passes"": true, ""relative_complex_error"": 0.2414840088164171, ""same_command_model_error"": 0.14392071243100338, ""threshold"": 1.543316345237445}], ""frequency_control_limit"": ""per-pulse RF carrier mapping outside established H envelope unverified; frequency validated against independent FID reference"", ""frequency_rf_correction_applied"": false, ""relative_complex_error_mean"": 0.32581284819428763, ""scope"": ""heldout exported complex FID response to reference-defined 90-degree target; not quantum gate fidelity"", ""status"": ""VALIDATED""}",actual provisional online stop followed by independent physical validation,8,199.1488919806667,8,"{""frequency_error_hz"": 9.154536188899897, ""phase_error_deg"": 0.010366344773752124, ""t90_error_us"": 0.12507623727567108}",offline refit of actually measured prefix; no physical time saving claimed,121.97876149974763,162.27496860036626,UNKNOWN,adaptive_variance_reduction_per_whole_task_second,"{""ci95_delta_hz"": [-2.873348707571166, 19.15194832933239], ""ci95_phase_rad"": [-0.20446787843905323, 0.029825679613489697], ""ci95_t90_us"": [40.39141334693377, 43.7387908343455], ""ess"": 489.8558979275925, ""mean_delta_hz"": 8.080867600497996, ""mean_phase_rad"": -0.09250231239272537, ""mean_t90_us"": 41.95333456203623, ""n_particles"": 512, ""phase_identified"": true, ""phase_resultant"": 0.9982713212908472, ""resampling_count"": 12, ""updates"": 8, ""var_delta_hz2"": 34.14391080539966, ""var_phase_rad2"": 0.003460506734743009, ""var_t90_us2"": 0.7635336740735094}",15,8,VALIDATED,0.07163178666184346,0.29662306668857735,16.758798466622828,0.07480737995356321,27.942012000083924,2,6.640542300045491,PROVISIONAL_UNCERTAINTY_MET_AWAITING_INDEPENDENT_REFERENCE,"{""delta_hz"": 117.1875, ""phase_deg"": 8.758508388852093, ""t90_us"": 5.980990240167515}"
A,none,3,SUCCESS_VALIDATED,independent reference and heldout controls resolve frozen tolerances,10,161.48359159985557,0.947034299839288,0.0,0.0,224.05883835920443,16.955414365517754,0.013473699558602448,2.0046035825044024,True,True,True,"{""delta_hz"": 6.169358904066844, ""phase_deg"": 3.931926126900879, ""t90_us"": 0.7311957449860516}","{""delta_hz"": 6.503061768747957, ""phase_deg"": 4.13686452162546, ""t90_us"": 0.7629200393638293}","{""frequency_hz"": -16.955414365517754, ""relative_phase_deg"": 2.0046035825044024, ""t90_us"": -0.013473699558602448}",0.25360485186161386,2,"{""controls"": [{""complex_feature_rmse"": 0.1711310429461892, ""ideal_target"": {""amplitude_pct"": 100.0, ""coherent_delay_verified"": false, ""delay_us"": 0.0, ""demodulation_shift_hz"": 0.0, ""drive_frequency_shift_hz"": 0.0, ""estimated_wall_seconds"": null, ""family"": ""return_control"", ""feature_windows_s"": [[0.0, 0.000488888888888889], [0.0014471111111111113, 0.0019360000000000002], [0.0028942222222222225, 0.003383111111111112], [0.004341333333333334, 0.004830222222222224], [0.005788444444444445, 0.006277333333333334], [0.007235555555555556, 0.007724444444444445]], ""phase_deg"": 4.1102732363001335, ""readout_phase_deg"": 0.0, ""readout_width_us"": 0.0, ""sample_count"": 16000, ""sample_hz"": 10000, ""width_us"": 42.11469818962877}, ""key"": ""b2_A_control0"", ""passes"": true, ""relative_complex_error"": 0.2873913699901431, ""same_command_model_error"": 0.1612902816267726, ""threshold"": 1.5442650748628632}, {""complex_feature_rmse"": 0.13089377287747528, ""ideal_target"": {""amplitude_pct"": 100.0, ""coherent_delay_verified"": false, ""delay_us"": 0.0, ""demodulation_shift_hz"": 0.0, ""drive_frequency_shift_hz"": 0.0, ""estimated_wall_seconds"": null, ""family"": ""return_control"", ""feature_windows_s"": [[0.0, 0.000488888888888889], [0.0014471111111111113, 0.0019360000000000002], [0.0028942222222222225, 0.003383111111111112], [0.004341333333333334, 0.004830222222222224], [0.005788444444444445, 0.006277333333333334], [0.007235555555555556, 0.007724444444444445]], ""phase_deg"": 94.11027323630013, ""readout_phase_deg"": 0.0, ""readout_width_us"": 0.0, ""sample_count"": 16000, ""sample_hz"": 10000, ""width_us"": 42.11469818962877}, ""key"": ""b2_A_control1"", ""passes"": true, ""relative_complex_error"": 0.21981833373308463, ""same_command_model_error"": 0.12282379305205857, ""threshold"": 1.5442650748628632}], ""frequency_control_limit"": ""per-pulse RF carrier mapping outside established H envelope unverified; frequency validated against independent FID reference"", ""frequency_rf_correction_applied"": false, ""relative_complex_error_mean"": 0.25360485186161386, ""scope"": ""heldout exported complex FID response to reference-defined 90-degree target; not quantum gate fidelity"", ""status"": ""VALIDATED""}",actual provisional online stop followed by independent physical validation,8,206.9317850392312,8,"{""frequency_error_hz"": 16.955414365517754, ""phase_error_deg"": 2.0046035825044024, ""t90_error_us"": 0.013473699558602448}",offline refit of actually measured prefix; no physical time saving claimed,128.9845789000392,171.88124979939312,UNKNOWN,fixed_identifiable_scan_multistart,,15,8,VALIDATED,0.07163178666184346,0.29662306668857735,16.758798466622828,0.0696022399701178,27.736715519987047,2,6.297183180041611,PROVISIONAL_UNCERTAINTY_MET_AWAITING_INDEPENDENT_REFERENCE,"{""delta_hz"": 117.1875, ""phase_deg"": 8.758508388852093, ""t90_us"": 5.980990240167515}"
B,A,3,SUCCESS_VALIDATED,independent reference and heldout controls resolve frozen tolerances,18,291.05780100030825,1.6957251001149416,0.0,0.0,365.9499065607165,6.216471257916282,0.23951693333371082,0.5382725478959152,True,True,True,"{""delta_hz"": 6.169358904066844, ""phase_deg"": 3.931926126900879, ""t90_us"": 0.7311957449860516}","{""delta_hz"": 4.026427370919599, ""phase_deg"": 2.567645816116857, ""t90_us"": 0.7439568836358167}","{""frequency_hz"": -6.216471257916282, ""relative_phase_deg"": -0.5382725478959152, ""t90_us"": -0.23951693333371082}",0.4003792425225853,2,"{""controls"": [{""complex_feature_rmse"": 0.22801052575844322, ""ideal_target"": {""amplitude_pct"": 100.0, ""coherent_delay_verified"": false, ""delay_us"": 0.0, ""demodulation_shift_hz"": 0.0, ""drive_frequency_shift_hz"": 0.0, ""estimated_wall_seconds"": null, ""family"": ""return_control"", ""feature_windows_s"": [[0.0, 0.000488888888888889], [0.0014471111111111113, 0.0019360000000000002], [0.0028942222222222225, 0.003383111111111112], [0.004341333333333334, 0.004830222222222224], [0.005788444444444445, 0.006277333333333334], [0.007235555555555556, 0.007724444444444445]], ""phase_deg"": 4.1102732363001335, ""readout_phase_deg"": 0.0, ""readout_width_us"": 0.0, ""sample_count"": 16000, ""sample_hz"": 10000, ""width_us"": 42.11469818962877}, ""key"": ""b2_B_control0"", ""passes"": true, ""relative_complex_error"": 0.38291274477008036, ""same_command_model_error"": 0.22528464012682187, ""threshold"": 1.5442650748628632}, {""complex_feature_rmse"": 0.24881184611198032, ""ideal_target"": {""amplitude_pct"": 100.0, ""coherent_delay_verified"": false, ""delay_us"": 0.0, ""demodulation_shift_hz"": 0.0, ""drive_frequency_shift_hz"": 0.0, ""estimated_wall_seconds"": null, ""family"": ""return_control"", ""feature_windows_s"": [[0.0, 0.000488888888888889], [0.0014471111111111113, 0.0019360000000000002], [0.0028942222222222225, 0.003383111111111112], [0.004341333333333334, 0.004830222222222224], [0.005788444444444445, 0.006277333333333334], [0.007235555555555556, 0.007724444444444445]], ""phase_deg"": 94.11027323630013, ""readout_phase_deg"": 0.0, ""readout_width_us"": 0.0, ""sample_count"": 16000, ""sample_hz"": 10000, ""width_us"": 42.11469818962877}, ""key"": ""b2_B_control1"", ""passes"": true, ""relative_complex_error"": 0.4178457402750902, ""same_command_model_error"": 0.2458215509696222, ""threshold"": 1.5442650748628632}], ""frequency_control_limit"": ""per-pulse RF carrier mapping outside established H envelope unverified; frequency validated against independent FID reference"", ""frequency_rf_correction_applied"": false, ""relative_complex_error_mean"": 0.4003792425225853, ""scope"": ""heldout exported complex FID response to reference-defined 90-degree target; not quantum gate fidelity"", ""status"": ""VALIDATED""}",actual provisional online stop followed by independent physical validation,16,348.82285324074326,8,"{""frequency_error_hz"": 15.722898102839793, ""phase_error_deg"": 0.32484093938810576, ""t90_error_us"": 0.27076683228071374}",offline refit of actually measured prefix; no physical time saving claimed,129.4744064998813,313.02362720062956,UNKNOWN,coarse_fine_scan_multistart,,15,8,VALIDATED,0.07163178666184346,0.29662306668857735,16.758798466622828,0.0696022399701178,27.736715519987047,2,6.297183180041611,PROVISIONAL_UNCERTAINTY_MET_AWAITING_INDEPENDENT_REFERENCE,"{""delta_hz"": 117.1875, ""phase_deg"": 8.758508388852093, ""t90_us"": 5.980990240167515}"
C,none,3,SUCCESS_VALIDATED,independent reference and heldout controls resolve frozen tolerances,10,163.21776799997315,0.31779349967837334,0.1718695005401969,0.0,227.61762536096697,6.740085397743712,0.3759476133220332,1.158689542791463,True,True,True,"{""delta_hz"": 6.169358904066844, ""phase_deg"": 3.931926126900879, ""t90_us"": 0.7311957449860516}","{""delta_hz"": 6.535876620049398, ""phase_deg"": 4.135213765692216, ""t90_us"": 0.7421831703901235}","{""frequency_hz"": 6.740085397743712, ""relative_phase_deg"": -1.158689542791463, ""t90_us"": -0.3759476133220332}",0.17713511771760282,2,"{""controls"": [{""complex_feature_rmse"": 0.08515417908193858, ""ideal_target"": {""amplitude_pct"": 100.0, ""coherent_delay_verified"": false, ""delay_us"": 0.0, ""demodulation_shift_hz"": 0.0, ""drive_frequency_shift_hz"": 0.0, ""estimated_wall_seconds"": null, ""family"": ""return_control"", ""feature_windows_s"": [[0.0, 0.000488888888888889], [0.0014471111111111113, 0.0019360000000000002], [0.0028942222222222225, 0.003383111111111112], [0.004341333333333334, 0.004830222222222224], [0.005788444444444445, 0.006277333333333334], [0.007235555555555556, 0.007724444444444445]], ""phase_deg"": 4.1102732363001335, ""readout_phase_deg"": 0.0, ""readout_width_us"": 0.0, ""sample_count"": 16000, ""sample_hz"": 10000, ""width_us"": 42.11469818962877}, ""key"": ""b2_C_control0"", ""passes"": true, ""relative_complex_error"": 0.14300489125423912, ""same_command_model_error"": 0.08866105241695206, ""threshold"": 1.5442650748628632}, {""complex_feature_rmse"": 0.1258007806195239, ""ideal_target"": {""amplitude_pct"": 100.0, ""coherent_delay_verified"": false, ""delay_us"": 0.0, ""demodulation_shift_hz"": 0.0, ""drive_frequency_shift_hz"": 0.0, ""estimated_wall_seconds"": null, ""family"": ""return_control"", ""feature_windows_s"": [[0.0, 0.000488888888888889], [0.0014471111111111113, 0.0019360000000000002], [0.0028942222222222225, 0.003383111111111112], [0.004341333333333334, 0.004830222222222224], [0.005788444444444445, 0.006277333333333334], [0.007235555555555556, 0.007724444444444445]], ""phase_deg"": 94.11027323630013, ""readout_phase_deg"": 0.0, ""readout_width_us"": 0.0, ""sample_count"": 16000, ""sample_hz"": 10000, ""width_us"": 42.11469818962877}, ""key"": ""b2_C_control1"", ""passes"": true, ""relative_complex_error"": 0.21126534418096649, ""same_command_model_error"": 0.13079582268390597, ""threshold"": 1.5442650748628632}], ""frequency_control_limit"": ""per-pulse RF carrier mapping outside established H envelope unverified; frequency validated against independent FID reference"", ""frequency_rf_correction_applied"": false, ""relative_complex_error_mean"": 0.17713511771760282, ""scope"": ""heldout exported complex FID response to reference-defined 90-degree target; not quantum gate fidelity"", ""status"": ""VALIDATED""}",actual provisional online stop followed by independent physical validation,8,210.49057204099373,8,"{""frequency_error_hz"": 6.740085397743712, ""phase_error_deg"": 1.158689542791463, ""t90_error_us"": 0.3759476133220332}",offline refit of actually measured prefix; no physical time saving claimed,130.34282209957018,175.89740810077637,UNKNOWN,fixed_plan_particle_filter,"{""ci95_delta_hz"": [1.914152114856831, 26.593460913989468], ""ci95_phase_rad"": [-0.2301026647052793, 0.05186995171034203], ""ci95_t90_us"": [40.24600937160032, 43.14170600211949], ""ess"": 430.9425328135174, ""mean_delta_hz"": 14.227317858135264, ""mean_phase_rad"": -0.09034324230535648, ""mean_t90_us"": 41.78163266604169, ""n_particles"": 512, ""phase_identified"": true, ""phase_resultant"": 0.9971273111414584, ""resampling_count"": 12, ""updates"": 8, ""var_delta_hz2"": 40.08414321114525, ""var_phase_rad2"": 0.005752524035819136, ""var_t90_us2"": 0.5476520339833267}",15,8,VALIDATED,0.07163178666184346,0.29662306668857735,16.758798466622828,0.0696022399701178,27.736715519987047,2,6.297183180041611,PROVISIONAL_UNCERTAINTY_MET_AWAITING_INDEPENDENT_REFERENCE,"{""delta_hz"": 117.1875, ""phase_deg"": 8.758508388852093, ""t90_us"": 5.980990240167515}"
D,C and B,3,SUCCESS_VALIDATED,independent reference and heldout controls resolve frozen tolerances,10,162.16263320017606,0.49523349991068244,0.22987850103527308,0.8754392000846565,222.2334517614295,13.427985164058498,0.4782654313448802,2.528980934295808,True,True,True,"{""delta_hz"": 6.169358904066844, ""phase_deg"": 3.931926126900879, ""t90_us"": 0.7311957449860516}","{""delta_hz"": 5.210892544704126, ""phase_deg"": 3.286103792519986, ""t90_us"": 0.860365358695271}","{""frequency_hz"": -13.427985164058498, ""relative_phase_deg"": -2.528980934295808, ""t90_us"": -0.4782654313448802}",0.3932324412944175,2,"{""controls"": [{""complex_feature_rmse"": 0.1662157555209763, ""ideal_target"": {""amplitude_pct"": 100.0, ""coherent_delay_verified"": false, ""delay_us"": 0.0, ""demodulation_shift_hz"": 0.0, ""drive_frequency_shift_hz"": 0.0, ""estimated_wall_seconds"": null, ""family"": ""return_control"", ""feature_windows_s"": [[0.0, 0.000488888888888889], [0.0014471111111111113, 0.0019360000000000002], [0.0028942222222222225, 0.003383111111111112], [0.004341333333333334, 0.004830222222222224], [0.005788444444444445, 0.006277333333333334], [0.007235555555555556, 0.007724444444444445]], ""phase_deg"": 4.1102732363001335, ""readout_phase_deg"": 0.0, ""readout_width_us"": 0.0, ""sample_count"": 16000, ""sample_hz"": 10000, ""width_us"": 42.11469818962877}, ""key"": ""b2_D_control0"", ""passes"": true, ""relative_complex_error"": 0.2791368115961325, ""same_command_model_error"": 0.17576953861089914, ""threshold"": 1.5442650748628632}, {""complex_feature_rmse"": 0.30209529920065864, ""ideal_target"": {""amplitude_pct"": 100.0, ""coherent_delay_verified"": false, ""delay_us"": 0.0, ""demodulation_shift_hz"": 0.0, ""drive_frequency_shift_hz"": 0.0, ""estimated_wall_seconds"": null, ""family"": ""return_control"", ""feature_windows_s"": [[0.0, 0.000488888888888889], [0.0014471111111111113, 0.0019360000000000002], [0.0028942222222222225, 0.003383111111111112], [0.004341333333333334, 0.004830222222222224], [0.005788444444444445, 0.006277333333333334], [0.007235555555555556, 0.007724444444444445]], ""phase_deg"": 94.11027323630013, ""readout_phase_deg"": 0.0, ""readout_width_us"": 0.0, ""sample_count"": 16000, ""sample_hz"": 10000, ""width_us"": 42.11469818962877}, ""key"": ""b2_D_control1"", ""passes"": true, ""relative_complex_error"": 0.5073280709927024, ""same_command_model_error"": 0.2904660397067083, ""threshold"": 1.5442650748628632}], ""frequency_control_limit"": ""per-pulse RF carrier mapping outside established H envelope unverified; frequency validated against independent FID reference"", ""frequency_rf_correction_applied"": false, ""relative_complex_error_mean"": 0.3932324412944175, ""scope"": ""heldout exported complex FID response to reference-defined 90-degree target; not quantum gate fidelity"", ""status"": ""VALIDATED""}",actual provisional online stop followed by independent physical validation,8,205.10639844145626,8,"{""frequency_error_hz"": 13.427985164058498, ""phase_error_deg"": 2.528980934295808, ""t90_error_us"": 0.4782654313448802}",offline refit of actually measured prefix; no physical time saving claimed,129.31054949993268,169.40234630042687,UNKNOWN,adaptive_min_normalized_variance,"{""ci95_delta_hz"": [-16.739010179492844, 4.150327536248406], ""ci95_phase_rad"": [-0.22413193435776613, 0.008889662460028536], ""ci95_t90_us"": [40.136736696035264, 43.37686853602795], ""ess"": 408.30763101186864, ""mean_delta_hz"": -6.506793360995601, ""mean_phase_rad"": -0.11167847912522855, ""mean_t90_us"": 41.62605746988702, ""n_particles"": 512, ""phase_identified"": true, ""phase_resultant"": 0.9982274868116195, ""resampling_count"": 15, ""updates"": 8, ""var_delta_hz2"": 28.76037552509922, ""var_phase_rad2"": 0.00354823838285733, ""var_t90_us2"": 0.6659304052972207}",15,8,VALIDATED,0.07163178666184346,0.29662306668857735,16.758798466622828,0.0696022399701178,27.736715519987047,2,6.297183180041611,PROVISIONAL_UNCERTAINTY_MET_AWAITING_INDEPENDENT_REFERENCE,"{""delta_hz"": 117.1875, ""phase_deg"": 8.758508388852093, ""t90_us"": 5.980990240167515}"
E,C and B,3,SUCCESS_VALIDATED,independent reference and heldout controls resolve frozen tolerances,10,154.48629910033196,0.32417970011010766,0.22638150118291378,0.997746299020946,214.26172995905702,2.756227745077865,0.3301550754868501,1.8275087805340537,True,True,True,"{""delta_hz"": 6.169358904066844, ""phase_deg"": 3.931926126900879, ""t90_us"": 0.7311957449860516}","{""delta_hz"": 5.2065312830952095, ""phase_deg"": 3.2904165855447283, ""t90_us"": 0.8201161429621305}","{""frequency_hz"": -2.756227745077865, ""relative_phase_deg"": -1.8275087805340537, ""t90_us"": -0.3301550754868501}",0.2970660630379454,2,"{""controls"": [{""complex_feature_rmse"": 0.19603959667820506, ""ideal_target"": {""amplitude_pct"": 100.0, ""coherent_delay_verified"": false, ""delay_us"": 0.0, ""demodulation_shift_hz"": 0.0, ""drive_frequency_shift_hz"": 0.0, ""estimated_wall_seconds"": null, ""family"": ""return_control"", ""feature_windows_s"": [[0.0, 0.000488888888888889], [0.0014471111111111113, 0.0019360000000000002], [0.0028942222222222225, 0.003383111111111112], [0.004341333333333334, 0.004830222222222224], [0.005788444444444445, 0.006277333333333334], [0.007235555555555556, 0.007724444444444445]], ""phase_deg"": 4.1102732363001335, ""readout_phase_deg"": 0.0, ""readout_width_us"": 0.0, ""sample_count"": 16000, ""sample_hz"": 10000, ""width_us"": 42.11469818962877}, ""key"": ""b2_E_control0"", ""passes"": true, ""relative_complex_error"": 0.32922190674301066, ""same_command_model_error"": 0.18530760256880768, ""threshold"": 1.5442650748628632}, {""complex_feature_rmse"": 0.15774434048974534, ""ideal_target"": {""amplitude_pct"": 100.0, ""coherent_delay_verified"": false, ""delay_us"": 0.0, ""demodulation_shift_hz"": 0.0, ""drive_frequency_shift_hz"": 0.0, ""estimated_wall_seconds"": null, ""family"": ""return_control"", ""feature_windows_s"": [[0.0, 0.000488888888888889], [0.0014471111111111113, 0.0019360000000000002], [0.0028942222222222225, 0.003383111111111112], [0.004341333333333334, 0.004830222222222224], [0.005788444444444445, 0.006277333333333334], [0.007235555555555556, 0.007724444444444445]], ""phase_deg"": 94.11027323630013, ""readout_phase_deg"": 0.0, ""readout_width_us"": 0.0, ""sample_count"": 16000, ""sample_hz"": 10000, ""width_us"": 42.11469818962877}, ""key"": ""b2_E_control1"", ""passes"": true, ""relative_complex_error"": 0.26491021933288017, ""same_command_model_error"": 0.1636019889947143, ""threshold"": 1.5442650748628632}], ""frequency_control_limit"": ""per-pulse RF carrier mapping outside established H envelope unverified; frequency validated against independent FID reference"", ""frequency_rf_correction_applied"": false, ""relative_complex_error_mean"": 0.2970660630379454, ""scope"": ""heldout exported complex FID response to reference-defined 90-degree target; not quantum gate fidelity"", ""status"": ""VALIDATED""}",actual provisional online stop followed by independent physical validation,8,197.13467663908378,8,"{""frequency_error_hz"": 2.756227745077865, ""phase_error_deg"": 1.8275087805340537, ""t90_error_us"": 0.3301550754868501}",offline refit of actually measured prefix; no physical time saving claimed,120.95422700000927,161.48286819877103,UNKNOWN,adaptive_variance_reduction_per_whole_task_second,"{""ci95_delta_hz"": [-5.430746189314263, 17.180280307248665], ""ci95_phase_rad"": [-0.22731239053147423, 0.01105219494018339], ""ci95_t90_us"": [40.331032843564934, 43.61847280696671], ""ess"": 460.20308497385776, ""mean_delta_hz"": 4.958659411238642, ""mean_phase_rad"": -0.10331513821599465, ""mean_t90_us"": 41.83651818423581, ""n_particles"": 512, ""phase_identified"": true, ""phase_resultant"": 0.9981520163232435, ""resampling_count"": 14, ""updates"": 8, ""var_delta_hz2"": 30.751450192408804, ""var_phase_rad2"": 0.0036991489830678673, ""var_t90_us2"": 0.7386312416342383}",15,8,VALIDATED,0.07163178666184346,0.29662306668857735,16.758798466622828,0.0696022399701178,27.736715519987047,2,6.297183180041611,PROVISIONAL_UNCERTAINTY_MET_AWAITING_INDEPENDENT_REFERENCE,"{""delta_hz"": 117.1875, ""phase_deg"": 8.758508388852093, ""t90_us"": 5.980990240167515}"
